run_name,update,seed,prompt_ids,source_indices,clip_epsilon,kl_beta,ppo_epochs,generated_tokens,raw_reward_mean,effective_reward_mean,kl_from_reference,policy_loss,value_loss,entropy,clip_fraction,policy_grad_norm,value_grad_norm,response_length_mean,missing_eos_fraction,value_mean,return_mean,advantage_mean,advantage_std,update_seconds,comparison_epsilon,update_index
clip_eps_005,1,6304,"[""b0d35a5e39f7052ac66ea59ebb31bf70535e3ed3cb294dafdb4918e9fda4e879""]",[54416],0.05,0.1,2,512,1.4072265625,0.4072265625,0.00034566051908768713,9.642727673053741e-05,19.205342769622803,1.012170672416687,0.0,0.24721863865852356,110.83327102661133,512.0,1.0,-1.630985975265503,-1.618334412574768,0.012651532888412476,2.4132301807403564,25.274566940000113,0.05,1
clip_eps_005,2,6304,"[""361c9921abedfb482ab331cd1f1d5dcb6b038376b9939a1afff6339e87060bd3""]",[44875],0.05,0.1,2,387,3.197265625,3.197265625,0.00018034555250778794,0.00014766242385988448,33.665231704711914,1.3851426839828491,0.0,0.2669035941362381,133.65717315673828,387.0,0.0,-1.7796082496643066,-1.6001794338226318,0.1794288605451584,5.857095718383789,18.922885420000057,0.05,2
clip_eps_005,3,6304,"[""031b833749cbdeab4b1f4ba4af6e325b5c17791958e10b7615a1e97ca33b0703""]",[46661],0.05,0.1,2,356,2.642578125,2.642578125,0.0002518526744097471,-0.00031658638908993453,28.652244567871094,1.1999282836914062,0.0,0.22298409789800644,127.8236198425293,356.0,0.0,0.26952341198921204,0.42442068457603455,0.1548972874879837,5.414977073669434,17.389738529999704,0.05,3
clip_eps_005,4,6304,"[""767471940df7a8f247484346e1fcea4d02eca6d1fcbc90d264b0dbb94c39ba68""]",[12877],0.05,0.1,2,39,1.439453125,1.439453125,0.00020286151266191155,-0.0014661783206975088,42.01551055908203,1.9396538734436035,0.0,2.264315962791443,302.1002197265625,39.0,0.0,2.6074063777923584,2.6166927814483643,0.00928641576319933,6.611249923706055,2.894940724000662,0.05,4
clip_eps_005,5,6304,"[""81a35c3e324857688ecb9cd1e68c14275f01d7752ed6a0d2a5c9cf4cbeaf0439""]",[14183],0.05,0.1,2,512,0.6171875,-0.3828125,4.408065433381125e-05,-0.00011558178812265396,27.774659156799316,0.7001731991767883,0.0,0.1956634446978569,98.49237823486328,512.0,1.0,0.5248899459838867,0.38288140296936035,-0.14200851321220398,5.299444675445557,25.462587761000577,0.05,5
clip_eps_005,6,6304,"[""9ea7bde8bc147d9faa96dd85d06930f25660cdfd5239227be23a5ff2728637e6""]",[20853],0.05,0.1,2,123,1.951171875,1.951171875,0.0005500235711224377,7.56998488213867e-05,21.257118225097656,1.1234642267227173,0.0,0.5030954480171204,206.00841522216797,123.0,0.0,-3.3355932235717773,-2.5286402702331543,0.8069527745246887,4.570021152496338,6.67210785899988,0.05,6
clip_eps_005,7,6304,"[""ff8a4bead03b120d7cd2e879a2b4cd3945d55a840ca78cdd24571cab5a434a59""]",[52932],0.05,0.1,2,125,-0.2646484375,-0.2646484375,-0.0006323578418232501,-0.0002074165313388221,49.862627029418945,0.9554967284202576,0.0,0.6979919373989105,376.9315948486328,125.0,0.0,-3.8783605098724365,-3.6026930809020996,0.27566736936569214,7.112951278686523,7.157139654000275,0.05,7
clip_eps_005,8,6304,"[""317132817254b4f8e35bbffa6faba1b8e1abbad8b3295186e73167375ec4176f""]",[29307],0.05,0.1,2,497,1.2421875,1.2421875,-0.00011301915947115049,0.00011793516205216292,30.238167762756348,0.34409213066101074,0.0,0.19646374881267548,188.71685791015625,497.0,0.0,-4.368959903717041,-4.1990132331848145,0.169946551322937,5.5306620597839355,24.63960315500026,0.05,8
clip_eps_020,1,6304,"[""b0d35a5e39f7052ac66ea59ebb31bf70535e3ed3cb294dafdb4918e9fda4e879""]",[54416],0.2,0.1,2,512,1.4072265625,0.4072265625,0.00034566051908768713,9.642727673053741e-05,19.205342769622803,1.012170672416687,0.0,0.24721863865852356,110.83327102661133,512.0,1.0,-1.630985975265503,-1.618334412574768,0.012651532888412476,2.4132301807403564,24.868107194000004,0.2,1
clip_eps_020,2,6304,"[""361c9921abedfb482ab331cd1f1d5dcb6b038376b9939a1afff6339e87060bd3""]",[44875],0.2,0.1,2,387,3.197265625,3.197265625,0.00018034555250778794,0.00014766242385988448,33.665231704711914,1.3851426839828491,0.0,0.2669035941362381,133.65717315673828,387.0,0.0,-1.7796082496643066,-1.6001794338226318,0.1794288605451584,5.857095718383789,18.751658406999923,0.2,2
clip_eps_020,3,6304,"[""031b833749cbdeab4b1f4ba4af6e325b5c17791958e10b7615a1e97ca33b0703""]",[46661],0.2,0.1,2,356,2.642578125,2.642578125,0.0002518526744097471,-0.00031658638908993453,28.652244567871094,1.1999282836914062,0.0,0.22298409789800644,127.8236198425293,356.0,0.0,0.26952341198921204,0.42442068457603455,0.1548972874879837,5.414977073669434,17.237633182000536,0.2,3
clip_eps_020,4,6304,"[""767471940df7a8f247484346e1fcea4d02eca6d1fcbc90d264b0dbb94c39ba68""]",[12877],0.2,0.1,2,39,1.439453125,1.439453125,0.00020286151266191155,-0.0014661783206975088,42.01551055908203,1.9396538734436035,0.0,2.264315962791443,302.1002197265625,39.0,0.0,2.6074063777923584,2.6166927814483643,0.00928641576319933,6.611249923706055,2.8608838159998413,0.2,4
clip_eps_020,5,6304,"[""81a35c3e324857688ecb9cd1e68c14275f01d7752ed6a0d2a5c9cf4cbeaf0439""]",[14183],0.2,0.1,2,512,0.6171875,-0.3828125,4.408065433381125e-05,-0.00011558178812265396,27.774659156799316,0.7001731991767883,0.0,0.1956634446978569,98.49237823486328,512.0,1.0,0.5248899459838867,0.38288140296936035,-0.14200851321220398,5.299444675445557,24.881029324999872,0.2,5
clip_eps_020,6,6304,"[""9ea7bde8bc147d9faa96dd85d06930f25660cdfd5239227be23a5ff2728637e6""]",[20853],0.2,0.1,2,123,1.951171875,1.951171875,0.0005500235711224377,7.56998488213867e-05,21.257118225097656,1.1234642267227173,0.0,0.5030954480171204,206.00841522216797,123.0,0.0,-3.3355932235717773,-2.5286402702331543,0.8069527745246887,4.570021152496338,6.680818003999775,0.2,6
clip_eps_020,7,6304,"[""ff8a4bead03b120d7cd2e879a2b4cd3945d55a840ca78cdd24571cab5a434a59""]",[52932],0.2,0.1,2,125,-0.2646484375,-0.2646484375,-0.0006323578418232501,-0.0002074165313388221,49.862627029418945,0.9554967284202576,0.0,0.6979919373989105,376.9315948486328,125.0,0.0,-3.8783605098724365,-3.6026930809020996,0.27566736936569214,7.112951278686523,6.931472802999451,0.2,7
clip_eps_020,8,6304,"[""317132817254b4f8e35bbffa6faba1b8e1abbad8b3295186e73167375ec4176f""]",[29307],0.2,0.1,2,497,1.2421875,1.2421875,-0.00011301915947115049,0.00011793516205216292,30.238167762756348,0.34409213066101074,0.0,0.19646374881267548,188.71685791015625,497.0,0.0,-4.368959903717041,-4.1990132331848145,0.169946551322937,5.5306620597839355,24.438044837000234,0.2,8
clip_eps_050,1,6304,"[""b0d35a5e39f7052ac66ea59ebb31bf70535e3ed3cb294dafdb4918e9fda4e879""]",[54416],0.5,0.1,2,512,1.4072265625,0.4072265625,0.00034566051908768713,9.642727673053741e-05,19.205342769622803,1.012170672416687,0.0,0.24721863865852356,110.83327102661133,512.0,1.0,-1.630985975265503,-1.618334412574768,0.012651532888412476,2.4132301807403564,25.05558105900036,0.5,1
clip_eps_050,2,6304,"[""361c9921abedfb482ab331cd1f1d5dcb6b038376b9939a1afff6339e87060bd3""]",[44875],0.5,0.1,2,387,3.197265625,3.197265625,0.00018034555250778794,0.00014766242385988448,33.665231704711914,1.3851426839828491,0.0,0.2669035941362381,133.65717315673828,387.0,0.0,-1.7796082496643066,-1.6001794338226318,0.1794288605451584,5.857095718383789,19.03390281800057,0.5,2
clip_eps_050,3,6304,"[""031b833749cbdeab4b1f4ba4af6e325b5c17791958e10b7615a1e97ca33b0703""]",[46661],0.5,0.1,2,356,2.642578125,2.642578125,0.0002518526744097471,-0.00031658638908993453,28.652244567871094,1.1999282836914062,0.0,0.22298409789800644,127.8236198425293,356.0,0.0,0.26952341198921204,0.42442068457603455,0.1548972874879837,5.414977073669434,17.250716712999747,0.5,3
clip_eps_050,4,6304,"[""767471940df7a8f247484346e1fcea4d02eca6d1fcbc90d264b0dbb94c39ba68""]",[12877],0.5,0.1,2,39,1.439453125,1.439453125,0.00020286151266191155,-0.0014661783206975088,42.01551055908203,1.9396538734436035,0.0,2.264315962791443,302.1002197265625,39.0,0.0,2.6074063777923584,2.6166927814483643,0.00928641576319933,6.611249923706055,2.8480531539998992,0.5,4
clip_eps_050,5,6304,"[""81a35c3e324857688ecb9cd1e68c14275f01d7752ed6a0d2a5c9cf4cbeaf0439""]",[14183],0.5,0.1,2,512,0.6171875,-0.3828125,4.408065433381125e-05,-0.00011558178812265396,27.774659156799316,0.7001731991767883,0.0,0.1956634446978569,98.49237823486328,512.0,1.0,0.5248899459838867,0.38288140296936035,-0.14200851321220398,5.299444675445557,24.673484342999473,0.5,5
clip_eps_050,6,6304,"[""9ea7bde8bc147d9faa96dd85d06930f25660cdfd5239227be23a5ff2728637e6""]",[20853],0.5,0.1,2,123,1.951171875,1.951171875,0.0005500235711224377,7.56998488213867e-05,21.257118225097656,1.1234642267227173,0.0,0.5030954480171204,206.00841522216797,123.0,0.0,-3.3355932235717773,-2.5286402702331543,0.8069527745246887,4.570021152496338,6.58569058699959,0.5,6
clip_eps_050,7,6304,"[""ff8a4bead03b120d7cd2e879a2b4cd3945d55a840ca78cdd24571cab5a434a59""]",[52932],0.5,0.1,2,125,-0.2646484375,-0.2646484375,-0.0006323578418232501,-0.0002074165313388221,49.862627029418945,0.9554967284202576,0.0,0.6979919373989105,376.9315948486328,125.0,0.0,-3.8783605098724365,-3.6026930809020996,0.27566736936569214,7.112951278686523,6.872844946999976,0.5,7
clip_eps_050,8,6304,"[""317132817254b4f8e35bbffa6faba1b8e1abbad8b3295186e73167375ec4176f""]",[29307],0.5,0.1,2,497,1.2421875,1.2421875,-0.00011301915947115049,0.00011793516205216292,30.238167762756348,0.34409213066101074,0.0,0.19646374881267548,188.71685791015625,497.0,0.0,-4.368959903717041,-4.1990132331848145,0.169946551322937,5.5306620597839355,24.338979357000426,0.5,8
