run_name,update,seed,prompt_ids,source_indices,clip_epsilon,kl_beta,ppo_epochs,generated_tokens,raw_reward_mean,effective_reward_mean,kl_from_reference,policy_loss,value_loss,entropy,clip_fraction,policy_grad_norm,value_grad_norm,response_length_mean,missing_eos_fraction,value_mean,return_mean,advantage_mean,advantage_std,update_seconds,comparison_kl_beta,update_index
kl_beta_000,1,6304,"[""b0d35a5e39f7052ac66ea59ebb31bf70535e3ed3cb294dafdb4918e9fda4e879""]",[54416],0.2,0.0,2,512,1.4072265625,0.4072265625,0.00034566051908768713,9.844731539487839e-05,19.297569751739502,1.012170672416687,0.0,0.24737537652254105,124.45779418945312,512.0,1.0,-1.630985975265503,-1.617568016052246,0.013417951762676239,2.4132027626037598,26.764936643998226,0.0,1
kl_beta_000,2,6304,"[""361c9921abedfb482ab331cd1f1d5dcb6b038376b9939a1afff6339e87060bd3""]",[44875],0.2,0.0,2,387,3.197265625,3.197265625,-6.5403582993894815e-06,0.00035804154322249815,33.57895278930664,1.3853111267089844,0.0,0.25794488191604614,137.34735870361328,387.0,0.0,-2.573979616165161,-2.3886303901672363,0.1853492259979248,5.854287147521973,19.515154327000346,0.0,2
kl_beta_000,3,6304,"[""031b833749cbdeab4b1f4ba4af6e325b5c17791958e10b7615a1e97ca33b0703""]",[46661],0.2,0.0,2,356,2.642578125,2.642578125,0.00016997331113088876,-0.00015086002531461418,27.663460731506348,1.2003854513168335,0.0,0.23506807535886765,121.54442596435547,356.0,0.0,1.657996416091919,1.7209088802337646,0.06291256844997406,5.319860458374023,17.881135678002465,0.0,3
kl_beta_000,4,6304,"[""767471940df7a8f247484346e1fcea4d02eca6d1fcbc90d264b0dbb94c39ba68""]",[12877],0.2,0.0,2,39,1.439453125,1.439453125,-0.0002901677798945457,-0.0011508923198562115,36.78979301452637,1.940100073814392,0.0,2.304028272628784,268.0944137573242,39.0,0.0,2.5696113109588623,2.436318874359131,-0.13329258561134338,6.194495677947998,3.055276020000747,0.0,4
kl_beta_000,5,6304,"[""81a35c3e324857688ecb9cd1e68c14275f01d7752ed6a0d2a5c9cf4cbeaf0439""]",[14183],0.2,0.0,2,512,1.0576171875,0.0576171875,0.00033260276541113853,-6.248429417610168e-05,33.88893699645996,0.6985651850700378,0.0,0.18039090186357498,105.8696060180664,512.0,1.0,0.3340049088001251,0.2029608190059662,-0.13104413449764252,5.854151248931885,25.415380551999988,0.0,5
kl_beta_000,6,6304,"[""9ea7bde8bc147d9faa96dd85d06930f25660cdfd5239227be23a5ff2728637e6""]",[20853],0.2,0.0,2,123,1.951171875,1.951171875,0.0013034404255449772,0.00012931687888340093,24.457324981689453,1.1231149435043335,0.0,0.4998795688152313,225.74677276611328,123.0,0.0,-3.4512217044830322,-2.5966944694519043,0.8545269966125488,4.904315948486328,6.912327994003135,0.0,6
kl_beta_000,7,6304,"[""ff8a4bead03b120d7cd2e879a2b4cd3945d55a840ca78cdd24571cab5a434a59""]",[52932],0.2,0.0,2,125,-0.2646484375,-0.2646484375,-0.0005449167219921947,0.0005053854001744185,65.68062210083008,0.9560372233390808,0.0,0.7933330833911896,434.92803955078125,125.0,0.0,-3.3992502689361572,-3.1735708713531494,0.2256792038679123,8.16421127319336,7.102344777998951,0.0,7
kl_beta_000,8,6304,"[""317132817254b4f8e35bbffa6faba1b8e1abbad8b3295186e73167375ec4176f""]",[29307],0.2,0.0,2,512,-0.5927734375,-1.5927734375,-0.00019444135250523686,-8.653034456074238e-05,34.03762245178223,0.3611696660518646,0.0,0.17627551406621933,158.74211883544922,512.0,1.0,-2.506593704223633,-2.461149215698242,0.04544464498758316,5.850619316101074,25.845093058000202,0.0,8
kl_beta_010,1,6304,"[""b0d35a5e39f7052ac66ea59ebb31bf70535e3ed3cb294dafdb4918e9fda4e879""]",[54416],0.2,0.1,2,512,1.4072265625,0.4072265625,0.00034566051908768713,9.642727673053741e-05,19.205342769622803,1.012170672416687,0.0,0.24721863865852356,110.83327102661133,512.0,1.0,-1.630985975265503,-1.618334412574768,0.012651532888412476,2.4132301807403564,27.048116369998752,0.1,1
kl_beta_010,2,6304,"[""361c9921abedfb482ab331cd1f1d5dcb6b038376b9939a1afff6339e87060bd3""]",[44875],0.2,0.1,2,387,3.197265625,3.197265625,0.00018034555250778794,0.00014766242385988448,33.665231704711914,1.3851426839828491,0.0,0.2669035941362381,133.65717315673828,387.0,0.0,-1.7796082496643066,-1.6001794338226318,0.1794288605451584,5.857095718383789,19.812137664001057,0.1,2
kl_beta_010,3,6304,"[""031b833749cbdeab4b1f4ba4af6e325b5c17791958e10b7615a1e97ca33b0703""]",[46661],0.2,0.1,2,356,2.642578125,2.642578125,0.0002518526744097471,-0.00031658638908993453,28.652244567871094,1.1999282836914062,0.0,0.22298409789800644,127.8236198425293,356.0,0.0,0.26952341198921204,0.42442068457603455,0.1548972874879837,5.414977073669434,18.242374499001016,0.1,3
kl_beta_010,4,6304,"[""767471940df7a8f247484346e1fcea4d02eca6d1fcbc90d264b0dbb94c39ba68""]",[12877],0.2,0.1,2,39,1.439453125,1.439453125,0.00020286151266191155,-0.0014661783206975088,42.01551055908203,1.9396538734436035,0.0,2.264315962791443,302.1002197265625,39.0,0.0,2.6074063777923584,2.6166927814483643,0.00928641576319933,6.611249923706055,3.034260139000253,0.1,4
kl_beta_010,5,6304,"[""81a35c3e324857688ecb9cd1e68c14275f01d7752ed6a0d2a5c9cf4cbeaf0439""]",[14183],0.2,0.1,2,512,0.6171875,-0.3828125,4.408065433381125e-05,-0.00011558178812265396,27.774659156799316,0.7001731991767883,0.0,0.1956634446978569,98.49237823486328,512.0,1.0,0.5248899459838867,0.38288140296936035,-0.14200851321220398,5.299444675445557,25.883628160001535,0.1,5
kl_beta_010,6,6304,"[""9ea7bde8bc147d9faa96dd85d06930f25660cdfd5239227be23a5ff2728637e6""]",[20853],0.2,0.1,2,123,1.951171875,1.951171875,0.0005500235711224377,7.56998488213867e-05,21.257118225097656,1.1234642267227173,0.0,0.5030954480171204,206.00841522216797,123.0,0.0,-3.3355932235717773,-2.5286402702331543,0.8069527745246887,4.570021152496338,6.995332792997942,0.1,6
kl_beta_010,7,6304,"[""ff8a4bead03b120d7cd2e879a2b4cd3945d55a840ca78cdd24571cab5a434a59""]",[52932],0.2,0.1,2,125,-0.2646484375,-0.2646484375,-0.0006323578418232501,-0.0002074165313388221,49.862627029418945,0.9554967284202576,0.0,0.6979919373989105,376.9315948486328,125.0,0.0,-3.8783605098724365,-3.6026930809020996,0.27566736936569214,7.112951278686523,7.203490862997569,0.1,7
kl_beta_010,8,6304,"[""317132817254b4f8e35bbffa6faba1b8e1abbad8b3295186e73167375ec4176f""]",[29307],0.2,0.1,2,497,1.2421875,1.2421875,-0.00011301915947115049,0.00011793516205216292,30.238167762756348,0.34409213066101074,0.0,0.19646374881267548,188.71685791015625,497.0,0.0,-4.368959903717041,-4.1990132331848145,0.169946551322937,5.5306620597839355,25.244542510998144,0.1,8
kl_beta_020,1,6304,"[""b0d35a5e39f7052ac66ea59ebb31bf70535e3ed3cb294dafdb4918e9fda4e879""]",[54416],0.2,0.2,2,512,1.4072265625,0.4072265625,0.00034566051908768713,0.00016431324183940887,19.400419235229492,1.012170672416687,0.0,0.24698136001825333,112.99493789672852,512.0,1.0,-1.630985975265503,-1.6191011667251587,0.011884786188602448,2.4132587909698486,26.3431146719995,0.2,1
kl_beta_020,2,6304,"[""361c9921abedfb482ab331cd1f1d5dcb6b038376b9939a1afff6339e87060bd3""]",[44875],0.2,0.2,2,387,3.244140625,3.244140625,-0.00023655223776586354,-0.0003686644195113331,33.674325942993164,1.378296971321106,0.0,0.2635250836610794,137.8864974975586,387.0,0.0,-2.5942416191101074,-2.378532886505127,0.21570853888988495,5.856871128082275,19.81258282899944,0.2,2
kl_beta_020,3,6304,"[""031b833749cbdeab4b1f4ba4af6e325b5c17791958e10b7615a1e97ca33b0703""]",[46661],0.2,0.2,2,356,2.642578125,2.642578125,-0.0001838913740357384,-3.81603604182601e-06,27.36198329925537,1.1999982595443726,0.0,0.23729993402957916,134.8772430419922,356.0,0.0,1.8298958539962769,1.8843181133270264,0.0544222816824913,5.28961181640625,18.011134852997202,0.2,3
kl_beta_020,4,6304,"[""767471940df7a8f247484346e1fcea4d02eca6d1fcbc90d264b0dbb94c39ba68""]",[12877],0.2,0.2,2,39,1.439453125,1.439453125,-0.000761845672968775,-0.001292434986680746,43.96555519104004,1.939306616783142,0.0,2.1013834476470947,326.04405212402344,39.0,0.0,1.0126327276229858,1.8080284595489502,0.7953956127166748,6.704676628112793,2.974157605000073,0.2,4
kl_beta_020,5,6304,"[""81a35c3e324857688ecb9cd1e68c14275f01d7752ed6a0d2a5c9cf4cbeaf0439""]",[14183],0.2,0.2,2,512,0.6171875,-0.3828125,0.00014068027667235583,4.4362619519233704e-05,29.976734161376953,0.7000824809074402,0.0,0.19107171893119812,125.04593276977539,512.0,1.0,0.4780779778957367,0.30446064472198486,-0.17361736297607422,5.508343696594238,25.688486582999758,0.2,5
kl_beta_020,6,6304,"[""9ea7bde8bc147d9faa96dd85d06930f25660cdfd5239227be23a5ff2728637e6""]",[20853],0.2,0.2,2,123,1.951171875,1.951171875,0.0009724542615003884,0.00019840593085973524,20.95393180847168,1.1234965324401855,0.0,0.5182476341724396,190.28679656982422,123.0,0.0,-3.030303478240967,-2.311020612716675,0.7192829251289368,4.550684452056885,6.956762419002189,0.2,6
kl_beta_020,7,6304,"[""ff8a4bead03b120d7cd2e879a2b4cd3945d55a840ca78cdd24571cab5a434a59""]",[52932],0.2,0.2,2,125,-0.2646484375,-0.2646484375,-0.0002825483388733119,4.313659155741334e-05,50.06631660461426,0.9555500745773315,0.0,0.7369913458824158,376.3905334472656,125.0,0.0,-3.1522469520568848,-3.017064094543457,0.13518261909484863,7.12911319732666,7.073703949001356,0.2,7
kl_beta_020,8,6304,"[""317132817254b4f8e35bbffa6faba1b8e1abbad8b3295186e73167375ec4176f""]",[29307],0.2,0.2,2,512,-0.5927734375,-1.5927734375,1.3338460121303797e-05,1.2826872989535332e-05,28.82786750793457,0.36136406660079956,0.0,0.18792974948883057,161.98413848876953,512.0,1.0,-3.6743311882019043,-3.6060116291046143,0.06831970810890198,5.3838629722595215,26.081903059999604,0.2,8
