run_name,update,seed,prompt_ids,source_indices,clip_epsilon,kl_beta,ppo_epochs,generated_tokens,raw_reward_mean,effective_reward_mean,kl_from_reference,policy_loss,value_loss,entropy,clip_fraction,policy_grad_norm,value_grad_norm,response_length_mean,missing_eos_fraction,value_mean,return_mean,advantage_mean,advantage_std,update_seconds
standard,1,6304,"[""b0d35a5e39f7052ac66ea59ebb31bf70535e3ed3cb294dafdb4918e9fda4e879""]",[54416],0.2,0.1,2,512,1.4072265625,0.4072265625,0.00034566051908768713,9.642727673053741e-05,19.205342769622803,1.012170672416687,0.0,0.24721863865852356,110.83327102661133,512.0,1.0,-1.630985975265503,-1.618334412574768,0.012651532888412476,2.4132301807403564,25.234626467999988
standard,2,6304,"[""361c9921abedfb482ab331cd1f1d5dcb6b038376b9939a1afff6339e87060bd3""]",[44875],0.2,0.1,2,387,3.197265625,3.197265625,0.00018034555250778794,0.00014766242385988448,33.665231704711914,1.3851426839828491,0.0,0.2669035941362381,133.65717315673828,387.0,0.0,-1.7796082496643066,-1.6001794338226318,0.1794288605451584,5.857095718383789,19.18246420100013
standard,3,6304,"[""031b833749cbdeab4b1f4ba4af6e325b5c17791958e10b7615a1e97ca33b0703""]",[46661],0.2,0.1,2,356,2.642578125,2.642578125,0.0002518526744097471,-0.00031658638908993453,28.652244567871094,1.1999282836914062,0.0,0.22298409789800644,127.8236198425293,356.0,0.0,0.26952341198921204,0.42442068457603455,0.1548972874879837,5.414977073669434,17.371547432999932
standard,4,6304,"[""767471940df7a8f247484346e1fcea4d02eca6d1fcbc90d264b0dbb94c39ba68""]",[12877],0.2,0.1,2,39,1.439453125,1.439453125,0.00020286151266191155,-0.0014661783206975088,42.01551055908203,1.9396538734436035,0.0,2.264315962791443,302.1002197265625,39.0,0.0,2.6074063777923584,2.6166927814483643,0.00928641576319933,6.611249923706055,2.906384097
standard,5,6304,"[""81a35c3e324857688ecb9cd1e68c14275f01d7752ed6a0d2a5c9cf4cbeaf0439""]",[14183],0.2,0.1,2,512,0.6171875,-0.3828125,4.408065433381125e-05,-0.00011558178812265396,27.774659156799316,0.7001731991767883,0.0,0.1956634446978569,98.49237823486328,512.0,1.0,0.5248899459838867,0.38288140296936035,-0.14200851321220398,5.299444675445557,25.48276732399995
standard,6,6304,"[""9ea7bde8bc147d9faa96dd85d06930f25660cdfd5239227be23a5ff2728637e6""]",[20853],0.2,0.1,2,123,1.951171875,1.951171875,0.0005500235711224377,7.56998488213867e-05,21.257118225097656,1.1234642267227173,0.0,0.5030954480171204,206.00841522216797,123.0,0.0,-3.3355932235717773,-2.5286402702331543,0.8069527745246887,4.570021152496338,6.791639513000064
standard,7,6304,"[""ff8a4bead03b120d7cd2e879a2b4cd3945d55a840ca78cdd24571cab5a434a59""]",[52932],0.2,0.1,2,125,-0.2646484375,-0.2646484375,-0.0006323578418232501,-0.0002074165313388221,49.862627029418945,0.9554967284202576,0.0,0.6979919373989105,376.9315948486328,125.0,0.0,-3.8783605098724365,-3.6026930809020996,0.27566736936569214,7.112951278686523,7.091075031999935
standard,8,6304,"[""317132817254b4f8e35bbffa6faba1b8e1abbad8b3295186e73167375ec4176f""]",[29307],0.2,0.1,2,497,1.2421875,1.2421875,-0.00011301915947115049,0.00011793516205216292,30.238167762756348,0.34409213066101074,0.0,0.19646374881267548,188.71685791015625,497.0,0.0,-4.368959903717041,-4.1990132331848145,0.169946551322937,5.5306620597839355,24.695997324000018
standard,9,6304,"[""a5cc4839643a3b1c510c2de1d870074538d4d195a87e5a8cd0a09730b474b620""]",[14665],0.2,0.1,2,142,1.5185546875,1.5185546875,-0.0004893235745839775,6.420427598641254e-05,33.804054260253906,1.3101060390472412,0.0,0.426382452249527,234.96168518066406,142.0,0.0,1.6586742401123047,1.3944872617721558,-0.2641870081424713,5.830325603485107,7.645213612000134
standard,10,6304,"[""a1d7645f9eb58fab3a2cf8787ac367e0c5075f96f5308c60cbe49d3e117ac7d5""]",[29108],0.2,0.1,2,148,1.6181640625,1.6181640625,-0.00019412885012570769,-0.00039878569077700377,22.432476043701172,0.4563242793083191,0.0,0.3205738812685013,111.36231994628906,148.0,0.0,-0.21558277308940887,-0.157217338681221,0.05836544930934906,4.775942802429199,7.845816378999871
standard,11,6304,"[""f46d21abc10e4e62dbfa8db0b88f7df97af11b08d2f3f582fe910c23cf4f3d78""]",[59538],0.2,0.1,2,223,2.91796875,2.91796875,6.004096212564036e-05,3.8807702367194e-05,27.3159236907959,0.17571118474006653,0.0,0.12878040224313736,146.14686584472656,223.0,0.0,1.4806212186813354,1.682188630104065,0.2015673965215683,5.257787227630615,11.270705625000119
standard,12,6304,"[""4ff2dfbd8311ec3041b369c38a2046fa1c51b9396c6c0906e818bb55fa868d93""]",[37684],0.2,0.1,2,465,2.685546875,2.685546875,0.00021679150813724846,-3.552539419615641e-05,26.035096168518066,1.2308052778244019,0.0,0.25658589601516724,161.79622650146484,465.0,0.0,-3.617706298828125,-3.2426884174346924,0.37501800060272217,5.115762710571289,22.804475340999943
standard,13,6304,"[""3134909738c628ffdd7d972675614c04ef5e5f1b9c087fd1590df5d64b6fab14""]",[53105],0.2,0.1,2,512,2.908203125,1.908203125,0.00013594553456641734,-0.0001615351065993309,27.63105869293213,1.06319260597229,0.0,0.19452865421772003,128.6483154296875,512.0,1.0,-0.7906600832939148,-0.6588480472564697,0.13181205093860626,5.2947611808776855,25.64368684300007
standard,14,6304,"[""d86a6b729b3a10b29be186e72892679b59d524c4722bacf7c7c7054c639412fb""]",[43454],0.2,0.1,2,512,0.5068359375,-0.4931640625,0.00012219017662573606,-0.00014965888112783432,28.856419563293457,1.164455533027649,0.0,0.19779465347528458,114.425048828125,512.0,1.0,-0.8901984691619873,-0.7708808183670044,0.1193176805973053,5.412453651428223,25.986434333000034
standard,15,6304,"[""f6582297a994f124de7085fe859ac4acf93e93d922cb96fdfa935dcde2bc7c3a""]",[46232],0.2,0.1,2,512,-0.42236328125,-1.42236328125,-6.250949809327722e-05,6.0238875448703766e-05,29.74601936340332,0.5454975962638855,0.0,0.17020873725414276,108.33134841918945,512.0,1.0,0.5623753666877747,0.5352460145950317,-0.02712930738925934,5.494824409484863,25.173806803999923
standard,16,6304,"[""a59417903ceb46cd175cb958dcb21d3089e75351b69483f92a519920b7fb4b2b""]",[1015],0.2,0.1,2,157,-1.28515625,-1.28515625,-0.0005972576909698546,0.00044379339669831097,23.48744487762451,2.4859559535980225,0.0,0.4554325342178345,127.21152877807617,157.0,0.0,-1.4926936626434326,-1.5568264722824097,-0.06413277983665466,4.880215167999268,9.01436473900003
standard,17,6304,"[""3a59949a7a468cfbd3774ffe2f62bbdaf6e2b77c6040fb3394e2ea84cfa8be96""]",[12281],0.2,0.1,2,512,1.8564453125,0.8564453125,-0.0001195933364215307,7.553026080131531e-07,25.003560066223145,0.6390676498413086,0.0,0.21809324622154236,103.2425765991211,512.0,1.0,-2.2589316368103027,-2.1788949966430664,0.08003656566143036,5.040334701538086,25.514980224000055
standard,18,6304,"[""a12832ddc56a0c3c33ed49630d92911a13d316ab07d44a8af18e91efbe76a57d""]",[51253],0.2,0.1,2,117,1.4228515625,1.4228515625,-0.0011462097754701972,0.0005320076234056614,11.417646884918213,1.2793136835098267,0.0,0.5646308064460754,104.29188537597656,117.0,0.0,0.2985132038593292,0.6246299147605896,0.3261167109012604,3.4092366695404053,6.693180480999899
standard,19,6304,"[""2d8f125d9b0a959104e50e3786f475b7b8d41d708773afdafab983899cbb0221""]",[12884],0.2,0.1,2,512,-3.818359375,-4.818359375,-0.00011958413233514875,-1.93081796169281e-05,18.732593536376953,1.8480488061904907,0.0,0.21329043060541153,83.41183853149414,512.0,1.0,-2.311870574951172,-2.4106690883636475,-0.09879864752292633,4.367564678192139,26.279066322000062
standard,20,6304,"[""4dc1e88027e719326d5007278190de7e8520e25523da7c048d1fa8f57a617032""]",[57729],0.2,0.1,2,23,-0.10205078125,-0.10205078125,-0.0014819941716268659,0.0017739482573233545,23.064483642578125,0.9586342573165894,0.0,1.1825838685035706,736.0307312011719,23.0,0.0,-5.39290714263916,-2.398939847946167,2.9939675331115723,3.808603048324585,2.2171966640000846
