update,prompt_position_in_update,prompt_id,source_index
1,0,b0d35a5e39f7052ac66ea59ebb31bf70535e3ed3cb294dafdb4918e9fda4e879,54416
2,0,361c9921abedfb482ab331cd1f1d5dcb6b038376b9939a1afff6339e87060bd3,44875
3,0,031b833749cbdeab4b1f4ba4af6e325b5c17791958e10b7615a1e97ca33b0703,46661
4,0,767471940df7a8f247484346e1fcea4d02eca6d1fcbc90d264b0dbb94c39ba68,12877
5,0,81a35c3e324857688ecb9cd1e68c14275f01d7752ed6a0d2a5c9cf4cbeaf0439,14183
6,0,9ea7bde8bc147d9faa96dd85d06930f25660cdfd5239227be23a5ff2728637e6,20853
7,0,ff8a4bead03b120d7cd2e879a2b4cd3945d55a840ca78cdd24571cab5a434a59,52932
8,0,317132817254b4f8e35bbffa6faba1b8e1abbad8b3295186e73167375ec4176f,29307
9,0,a5cc4839643a3b1c510c2de1d870074538d4d195a87e5a8cd0a09730b474b620,14665
10,0,a1d7645f9eb58fab3a2cf8787ac367e0c5075f96f5308c60cbe49d3e117ac7d5,29108
11,0,f46d21abc10e4e62dbfa8db0b88f7df97af11b08d2f3f582fe910c23cf4f3d78,59538
12,0,4ff2dfbd8311ec3041b369c38a2046fa1c51b9396c6c0906e818bb55fa868d93,37684
13,0,3134909738c628ffdd7d972675614c04ef5e5f1b9c087fd1590df5d64b6fab14,53105
14,0,d86a6b729b3a10b29be186e72892679b59d524c4722bacf7c7c7054c639412fb,43454
15,0,f6582297a994f124de7085fe859ac4acf93e93d922cb96fdfa935dcde2bc7c3a,46232
16,0,a59417903ceb46cd175cb958dcb21d3089e75351b69483f92a519920b7fb4b2b,1015
17,0,3a59949a7a468cfbd3774ffe2f62bbdaf6e2b77c6040fb3394e2ea84cfa8be96,12281
18,0,a12832ddc56a0c3c33ed49630d92911a13d316ab07d44a8af18e91efbe76a57d,51253
19,0,2d8f125d9b0a959104e50e3786f475b7b8d41d708773afdafab983899cbb0221,12884
20,0,4dc1e88027e719326d5007278190de7e8520e25523da7c048d1fa8f57a617032,57729
